Func	Gene	ExonicFunc	AAChange	Conserved	SegDup	ESP6500_ALL	1000g2012apr_ALL	dbSNP137	AVSIFT	LJB_PhyloP	LJB_PhyloP_Pred	LJB_SIFT	LJB_SIFT_Pred	LJB_PolyPhen2	LJB_PolyPhen2_Pred	LJB_LRT	LJB_LRT_Pred	LJB_MutationTaster	LJB_MutationTaster_Pred	LJB_GERP++	Chr	Start	End	Ref	Obs	Otherinfo
intergenic	C18orf61(dist=10076),CIDEA(dist=19533)						1.00	rs9952994													18	12234785	12234785	T	C	hom	14.92	4	60.00	3.73
intergenic	PIEZO2(dist=440426),GNAL(dist=99827)						1.00	rs8092102													18	11589187	11589187	A	G	hom	50.65	6	60.00
intergenic	PIEZO2(dist=53143),GNAL(dist=487110)						1.00	rs8089198													18	11201904	11201904	A	C	hom	10.43	2	42.72	5.22
intronic	SPIRE1					0.996539	1.00	rs567709													18	12512574	12512574	T	C	hom	27797.07	2206
intronic	PIEZO2						1.00	rs2865131													18	10763218	10763218	T	C	hom	6521.67	397
intergenic	POTEC(dist=85364),ANKRD30B(dist=119276)				0.98		0.99	rs9973097													18	14628963	14628963	C	G	hom	19101.73	1635
intronic	SPIRE1						0.99	rs9956595													18	12654950	12654950	T	C	hom	11.01	5	55.21	5.51
intronic	ESCO1						0.99	rs971039													18	19155511	19155511	A	G	hom	29224.92	1284
intergenic	MIB1(dist=43803),GATA6(dist=254689)						0.99	rs7241447													18	19494715	19494715	C	T	hom	3167.13	181
intronic	ESCO1						0.99	rs6508480													18	19141096	19141096	C	T	hom	7348.28	337
intronic	IMPA2					0.989177	0.99	rs643107													18	12014411	12014411	T	G	hom	16045.33	1488
intergenic	PIEZO2(dist=403761),GNAL(dist=136492)			512;Name=lod=161			0.99	rs557609													18	11552522	11552522	T	C	hom	41645.87	3922
ncRNA_intronic	ANKRD20A5P				0.96		0.99	rs520663													18	14202010	14202010	C	T	hom	12396.60	1305
intronic	ESCO1						0.99	rs4800780													18	19115896	19115896	A	T	hom	42381.99	2219
exonic	GREB1L	synonymous SNV	GREB1L:NM_001142966:exon22:c.A3555G:p.E1185E	498;Name=lod=141		0.987735	0.99	rs4800747													18	19079853	19079853	A	G	hom	39852.67	3994
exonic	GREB1L	nonframeshift insertion	GREB1L:NM_001142966:exon32:c.5582_5583insTCT:p.D1861delinsDL	680;Name=lod=771			0.99	rs34960489													18	19100758	19100758	-	TCT	hom	60852.55	3435
intergenic	POTEC(dist=88110),ANKRD30B(dist=116530)			602;Name=lod=373	0.98		0.99	rs28759159													18	14631709	14631709	A	G	hom	9157.23	670
intronic	FAM210A						0.99	rs1787890													18	13671473	13671473	T	C	hom	34.03	5
intergenic	GREB1L(dist=4173),ESCO1(dist=2298)						0.99	rs1506409													18	19106964	19106964	G	A	hom	50.51	5	56.16	16.84
intronic	GREB1L						0.99	rs1395251													18	19100517	19100517	T	C	hom	19482.32	908
intergenic	ANKRD30B(dist=421128),LOC644669(dist=39690)				0.98		0.99	rs13381561													18	15273865	15273865	A	C	hom	7095.13	642
UTR3	MIB1						0.99	rs12961054													18	19448174	19448174	G	A	hom	13116.93	600
intergenic	MC2R(dist=84291),ZNF519(dist=100116)						0.98	rs8094767													18	13999826	13999826	T	C	hom	14.92	4	49.84	3.73
intergenic	LOC644669(dist=57741),NONE(dist=NONE)				0.97		0.98	rs7408054													18	15383659	15383659	T	C	hom	11.01	3	49.21	11.01
UTR3	CHMP1B						0.98	rs7238570													18	11853731	11853731	A	G	hom	82577.95	6241
intronic	GREB1L						0.98	rs7234335													18	19065494	19065494	C	G	hom	43364.13	2709
intergenic	ANKRD62(dist=62532),C18orf61(dist=8498)			425;Name=lod=71	0.98		0.98	rs6505728													18	12192280	12192280	A	G	hom	15756.91	1581
intergenic	CTAGE1(dist=56127),RBBP8(dist=459290)						0.98	rs494498													18	20054005	20054005	A	C	hom	14.92	6	60.00	2.98
exonic	ZNF519	nonsynonymous SNV	ZNF519:NM_145287:exon3:c.A616G:p.K206E		0.91	0.979241	0.98	rs2159940		0.07961	N	0.0	T	0.0	B	0.616646	NA	9.0E-6	N	0.22	18	14105923	14105923	T	C	hom	48833.90	3972
UTR3	CHMP1B						0.98	rs1647542													18	11853053	11853053	A	G	hom	61786.44	4460
intronic	MIB1						0.97	rs8098807													18	19399738	19399738	T	A	hom	15135.73	741
intergenic	MC2R(dist=4362),ZNF519(dist=180045)			705;Name=lod=978			0.97	rs8083854													18	13919897	13919897	T	C	hom	138043.39	16342
intergenic	ZNF519(dist=24884),ANKRD20A5P(dist=21723)				0.96		0.97	rs7505684													18	14157373	14157373	T	A	hom	8849.23	643
intronic	MIB1			630;Name=lod=486			0.97	rs6508648													18	19434972	19434972	T	C	hom	4668.35	265
intronic	CIDEA						0.97	rs6505738													18	12264512	12264512	T	C	hom	16004.76	1718
intronic	GNAL						0.97	rs4315401													18	11864707	11864707	A	G	hom	39625.88	2411
UTR3	PTPN2			656;Name=lod=618			0.97	rs2542156													18	12785557	12785557	C	T	hom	25884.11	2104
exonic	ANKRD30B	nonsynonymous SNV	ANKRD30B:NM_001145029:exon36:c.C4035A:p.N1345K		0.98		0.97	rs12386087													18	14852335	14852335	C	A	hom	33399.78	3304
intergenic	PIEZO2(dist=477125),GNAL(dist=63128)				0.98		0.97	rs1140919													18	11625886	11625886	T	C	hom	90613.29	12662
intergenic	ANKRD30B(dist=35989),LOC644669(dist=424829)			634;Name=lod=503	0.98		0.96	rs786064													18	14888726	14888726	C	A	hom	50210.60	3761
intergenic	ANKRD30B(dist=33704),LOC644669(dist=427114)				0.98		0.96	rs786059													18	14886441	14886441	G	A	hom	22708.77	1608
intronic	PTPN2						0.96	rs4239309													18	12825705	12825705	A	T	hom	27091.48	1730
intergenic	PIEZO2(dist=485166),GNAL(dist=55087)				0.98		0.96	rs1815802													18	11633927	11633927	A	G	hom	26193.50	3790
intergenic	PIEZO2(dist=472904),GNAL(dist=67349)				0.98		0.95	rs62099571													18	11621665	11621665	G	C	hom	2647.98	1234
intronic	PIEZO2				0.95		0.95	rs264279													18	10917804	10917804	A	G	hom	11.01	3	40.52	11.01
intronic	ESCO1						0.95	rs2570953													18	19175786	19175786	A	G	hom	83.19	9
intronic	MIB1			671;Name=lod=710		0.951860	0.94	rs9989532													18	19408950	19408950	C	T	hom	34924.39	2507
intergenic	ANKRD30B(dist=34912),LOC644669(dist=425906)				0.98		0.94	rs71365293													18	14887649	14887649	A	G	hom	86681.68	7161
intergenic	PIEZO2(dist=472267),GNAL(dist=67986)				0.98		0.94	rs62099570													18	11621028	11621028	T	C	hom	54743.61	10786
UTR3	FAM210A						0.93	rs948276													18	13665589	13665589	A	C	hom	56579.85	3238
intergenic	PIEZO2(dist=472697),GNAL(dist=67556)				0.98		0.93	rs2126779													18	11621458	11621458	A	G	hom	70367.09	10717
intronic	FAM210A						0.93	rs1787860													18	13680510	13680510	T	C	hom	10.43	2	60.00	5.22
UTR3	FAM210A						0.93	rs1149355													18	13666156	13666156	A	G	hom	86168.10	6528
intergenic	ANKRD30B(dist=33397),LOC644669(dist=427421)				0.98		0.92	rs77739899													18	14886134	14886134	G	A	hom	21984.25	3410
intergenic	CYP4F35P(dist=34227),CXADRP3(dist=101204)				0.98		0.92	rs2870573													18	14376750	14376750	T	C	hom	6024.45	617
intronic	RBBP8					0.941433	0.92	rs2336916													18	20555219	20555219	T	C	het	28556.94	2017
intergenic	PIEZO2(dist=472686),GNAL(dist=67567)				0.98		0.92	rs2126778													18	11621447	11621447	A	G	hom	74152.63	11722
intergenic	PIEZO2(dist=61267),GNAL(dist=478986)						0.92	rs12967393													18	11210028	11210028	A	G	hom	11.55	2	60.00	5.78
intronic	RNMT						0.91	rs4797812													18	13759816	13759816	T	C	hom	5539.66	299
intronic	RNMT						0.91	rs4797809													18	13746111	13746111	G	A	hom	13957.02	840
UTR3	RNMT						0.91	rs4461147													18	13762011	13762011	C	A	hom	29171.74	3462
intergenic	POTEC(dist=87898),ANKRD30B(dist=116742)			602;Name=lod=373	0.98		0.91	rs151176845													18	14631497	14631497	A	G	hom	4249.03	477
UTR3	RNMT						0.91	rs1296359													18	13763653	13763653	G	A	hom	14910.38	1046
UTR3	LDLRAD4						0.91	rs1293686													18	13651570	13651570	G	A	hom	65134.99	4980
intergenic	ZNF519(dist=40343),ANKRD20A5P(dist=6264)				0.96		0.90	rs540139													18	14172832	14172832	T	C	hom	89.22	8
intronic	ANKRD62						0.90	rs4453572													18	12103490	12103490	A	G	hom	10.43	1	60.00	10.43
intergenic	IMPA2(dist=45619),ANKRD62(dist=17344)			405;Name=lod=59			0.90	rs12966109													18	12076504	12076504	A	C	hom	6672.24	549
intergenic	GATA6(dist=80905),CTAGE1(dist=130168)						0.90	rs12960913													18	19863396	19863396	A	G	hom	205.59	15	60.00
UTR3	FAM210A						0.89	rs948277													18	13665686	13665686	A	C	hom	48687.89	4208
UTR5	LDLRAD4						0.89	rs1284441													18	13612072	13612072	C	T	hom	54719.82	7827
exonic	PIEZO2	synonymous SNV	PIEZO2:NM_022068:exon16:c.C2305T:p.L769L			0.836766	0.88	rs6505592													18	10787047	10787047	G	A	het	47404.84	4024
UTR3	SLMO1						0.88	rs4797686													18	12431506	12431506	T	G	hom	9935.51	1531
intronic	ANKRD30B				0.92		0.88	rs3889979													18	14748926	14748926	C	G	hom	583.34	64
UTR3	SLMO1						0.88	rs12605433													18	12431428	12431428	A	G	hom	5938.93	517
intronic	PIEZO2						0.88	rs12604151													18	10785070	10785070	A	C	het	13226.41	730
intergenic	ZNF519(dist=23752),ANKRD20A5P(dist=22855)				0.96		0.88	rs115684852													18	14156241	14156241	A	T	hom	8419.59	1221
exonic	ESCO1	synonymous SNV	ESCO1:NM_052911:exon4:c.G1311A:p.T437T			0.825850	0.87	rs973730													18	19153494	19153494	C	T	het	46698.90	3239
intronic	PIEZO2						0.87	rs3830641													18	10784734	10784734	A	-	het	50282.49	4574
intronic	ESCO1						0.87	rs1818274													18	19119801	19119801	C	T	het	11434.93	884
ncRNA_intronic	ANKRD20A5P			385;Name=lod=49	0.96		0.86	rs8096188													18	14221830	14221830	T	C	het	8417.78	1710
intronic	PIEZO2			431;Name=lod=75		0.842751	0.86	rs5024299													18	10741011	10741011	G	A	het	44021.77	5282
exonic	PIEZO2	synonymous SNV	PIEZO2:NM_022068:exon20:c.A2961G:p.T987T			0.836399	0.85	rs7227167													18	10763007	10763007	T	C	het	34315.58	4804
intronic	RNMT						0.85	rs6505839													18	13752128	13752128	T	A	hom	4822.25	344
intronic	PTPN2						0.85	rs622717													18	12858828	12858828	G	C	hom	11.01	4	60.00	5.51
intronic	PIEZO2				0.93		0.85	rs566930													18	10727453	10727453	T	C	hom	1340.59	309
exonic	PIEZO2	synonymous SNV	PIEZO2:NM_022068:exon25:c.C3792T:p.N1264N	525;Name=lod=182		0.823916	0.84	rs7407105													18	10758023	10758023	G	A	het	49365.06	7186
intergenic	CYP4F35P(dist=49933),CXADRP3(dist=85498)			634;Name=lod=503	0.98		0.84	rs41362448													18	14392456	14392456	T	C	hom	18559.30	4192
intronic	MIB1						0.84	rs3216119													18	19423964	19423964	T	-	hom	21431.72	1546
intronic	PIEZO2					0.826106	0.84	rs2865119													18	10759935	10759935	A	G	het	11377.56	1028
intronic	PIEZO2						0.84	rs2865118													18	10759961	10759961	G	A	het	7984.45	643
intergenic	CYP4F35P(dist=33626),CXADRP3(dist=101805)				0.98		0.84	rs2669352													18	14376149	14376149	G	C	hom	37777.85	2833
intergenic	CYP4F35P(dist=36010),CXADRP3(dist=99421)				0.98		0.84	rs2137484													18	14378533	14378533	G	C	hom	65996.38	5256
intergenic	ANKRD62(dist=32677),C18orf61(dist=38353)						0.83	rs9947047													18	12162425	12162425	T	C	hom	11.01	6	53.44	3.67
intronic	ANKRD62						0.83	rs7227838													18	12098063	12098063	C	G	hom	2596.47	101
intergenic	ANKRD62(dist=26727),C18orf61(dist=44303)						0.83	rs4287631													18	12156475	12156475	A	G	hom	14.92	3	60.00	4.97
intronic	LDLRAD4						0.83	rs1786510													18	13639278	13639278	A	G	hom	53.48	15
intronic	SPIRE1					0.837921	0.82	rs550613													18	12512559	12512559	C	A	hom	18761.49	2465
UTR3	SLMO1						0.82	rs1652670													18	12431210	12431210	A	G	hom	22910.95	2276
intronic	IMPA2						0.81	rs612599													18	12028247	12028247	A	G	het	17245.05	1605
exonic	PIEZO2	synonymous SNV	PIEZO2:NM_022068:exon20:c.C3006T:p.L1002L			0.789093	0.80	rs7241380													18	10762962	10762962	G	A	het	28773.74	4145
intergenic	CTAGE1(dist=95918),RBBP8(dist=419499)						0.80	rs663035													18	20093796	20093796	T	C	hom	10.43	3	60.00	10.43
intergenic	CTAGE1(dist=95887),RBBP8(dist=419530)						0.80	rs559922													18	20093765	20093765	A	G	hom	14.92	4	60.00	3.73
intergenic	CTAGE1(dist=96039),RBBP8(dist=419378)						0.80	rs472261													18	20093917	20093917	A	G	hom	11.55	2	60.00	5.78
intronic	PIEZO2						0.80	rs4519388													18	10762275	10762275	T	C	het	1802.03	172
intronic	PIEZO2						0.78	rs7236754													18	11066010	11066010	T	C	het	29810.84	2588
intronic	SLMO1						0.78	rs66495781													18	12421442	12421442	T	A	hom	18510.20	2595
downstream	CIDEA						0.78	rs6416992													18	12277613	12277613	T	C	hom	20865.88	3480
intronic	SPIRE1					0.744079	0.78	rs499013													18	12453005	12453005	A	G	hom	26559.94	2800
UTR3	SPIRE1						0.78	rs496485													18	12447303	12447303	C	A	hom	45578.46	7162
UTR3	SPIRE1			259;Name=lod=15			0.78	rs4190													18	12446733	12446733	A	-	hom	34276.91	3917
UTR3	SPIRE1						0.78	rs3935													18	12448430	12448430	C	A	hom	23119.36	3914
exonic	POTEC	nonsynonymous SNV	POTEC:NM_001137671:exon1:c.A7G:p.T3A		0.98		0.78	rs28535987													18	14543139	14543139	T	C	hom	90897.41	20015
intergenic	PSMG2(dist=39423),PTPN2(dist=20315)						0.77	rs11080602													18	12765162	12765162	T	C	hom	14.92	3	53.44	7.46
intergenic	PIEZO2(dist=461143),GNAL(dist=79110)			536;Name=lod=202	0.96		0.76	rs8087447													18	11609904	11609904	A	G	het	65793.92	14174
intergenic	PIEZO2(dist=470791),GNAL(dist=69462)				0.98		0.76	rs67129808													18	11619552	11619552	C	T	het	5717.81	735
intronic	PTPN2						0.76	rs612058													18	12850211	12850211	T	C	hom	11.01	5	60.00	5.51
intronic	TUBB6						0.76	rs4796958													18	12312759	12312759	G	C	hom	87.99	6
intronic	CEP192						0.75	rs9964466													18	13030383	13030383	G	A	het	16499.23	2285
UTR3	SEH1L						0.75	rs7233600													18	12986000	12986000	G	A	het	12352.85	1805
upstream	CIDEA						0.75	rs71369911													18	12254198	12254198	-	G	hom	4767.49	360
exonic	CEP192	nonsynonymous SNV	CEP192:NM_032142:exon27:c.C5101T:p.L1701F	458;Name=lod=97		0.708519	0.75	rs6505780		0.963443	C	0.6	T	0.0	B	0.999998	N	4.0E-6	P	5.01	18	13069782	13069782	C	T	hom	24931.13	4924
intronic	CEP192						0.75	rs6505777													18	13008369	13008369	A	G	het	5538.48	715
exonic	SEH1L	nonsynonymous SNV	SEH1L:NM_001013437:exon8:c.C1025A:p.T342N,SEH1L:NM_031216:exon8:c.C1025A:p.T342N	689;Name=lod=842		0.722547	0.75	rs6505776		0.16217	N	0.45	T	0.0	B	0.996547	N	6.0E-6	P	0.314	18	12984144	12984144	C	A	het	32131.35	5360
intronic	CEP192						0.75	rs565832													18	13070930	13070930	T	C	hom	5950.61	551
intronic	CEP192						0.75	rs556371													18	13096436	13096436	T	C	hom	11477.86	1501
exonic	CEP192	nonsynonymous SNV	CEP192:NM_032142:exon35:c.T6362C:p.L2121P			0.708673	0.75	rs474337		0.930981	N	0.73	T	0.0	B	0.993328	N	7.0E-6	P	2.89	18	13095609	13095609	T	C	hom	31001.08	6155
intronic	CEP192						0.75	rs472992													18	13087789	13087789	A	G	hom	4637.64	547
intronic	SEH1L						0.75	rs2902856													18	12984340	12984340	A	C	het	3108.24	482
intronic	CEP192						0.75	rs1787000													18	13113197	13113197	C	T	hom	75.03	8	54.56	25.01
exonic	CEP192	nonsynonymous SNV	CEP192:NM_032142:exon43:c.G7346T:p.R2449L	387;Name=lod=50		0.719130	0.75	rs1786263		0.951138	C	0.57	T	0.0	B	0.999979	N	1.2E-5	P	4.62	18	13116432	13116432	G	T	hom	20136.16	4604
intronic	SEH1L						0.75	rs12955780													18	12982760	12982760	G	A	het	14667.23	1334
intronic	CEP192						0.75	rs11463677													18	13049948	13049948	-	A	hom	11630.68	1514
exonic	CTAGE1	synonymous SNV	CTAGE1:NM_172241:exon1:c.A2022G:p.P674P		0.92	0.734370	0.74	rs9946145													18	19995753	19995753	T	C	hom	142051.43	13856
intronic	MPPE1						0.74	rs673735													18	11893391	11893391	C	T	hom	18295.11	2083
exonic	CEP192	nonsynonymous SNV	CEP192:NM_032142:exon23:c.T4654C:p.S1552P	410;Name=lod=62		0.683761	0.74	rs578208		0.981165	C	0.26	T	0.0	B	1.0	N	4.0E-6	P	5.2	18	13068132	13068132	T	C	hom	30975.54	4787
intronic	CEP192						0.74	rs562151													18	13066123	13066123	T	C	hom	2636.69	496
intronic	CEP192						0.74	rs527839													18	13087815	13087815	G	A	hom	2516.57	289
intergenic	PIEZO2(dist=461142),GNAL(dist=79111)			536;Name=lod=202	0.96		0.73	rs8087561													18	11609903	11609903	C	G	het	67042.10	14222
intronic	GNAL						0.73	rs787554													18	11862697	11862697	T	C	hom	2159.17	203
intronic	GNAL						0.73	rs787550													18	11861036	11861036	G	C	hom	11.01	5	56.16	11.01
intergenic	CTAGE1(dist=351516),RBBP8(dist=163901)						0.73	rs7244995													18	20349394	20349394	C	T	het	9048.72	585
intronic	SEH1L						0.73	rs1474043													18	12951738	12951738	G	A	het	15313.72	1806
intronic	PIEZO2						0.72	rs7231609													18	11065993	11065993	A	G	het	22700.69	2150
UTR3	GNAL						0.72	rs603641													18	11882647	11882647	C	T	het	9888.24	693
intronic	SLMO1						0.72	rs575441													18	12413117	12413117	T	C	hom	11.01	1	60.00	11.01
intergenic	CTAGE1(dist=80836),RBBP8(dist=434581)						0.72	rs479003													18	20078714	20078714	A	C	hom	11.01	1	60.00	11.01
UTR5	CEP192						0.72	rs11663049													18	12991393	12991393	T	C	het	7175.16	1883
UTR3	GNAL						0.72	rs113066080													18	11881516	11881516	G	-	het	43105.94	3460
intronic	MPPE1						0.71	rs625817													18	11906577	11906577	T	C	hom	920.92	235
intronic	AFG3L2						0.71	rs2298542													18	12363950	12363950	C	T	hom	20002.25	2134
exonic	AFG3L2	synonymous SNV	AFG3L2:NM_006796:exon13:c.A1650G:p.E550E	595;Name=lod=349		0.779256	0.71	rs11553521													18	12348285	12348285	T	C	het	41548.95	5854
intergenic	ZNF519(dist=12288),ANKRD20A5P(dist=34319)				0.96		0.70	rs8088014													18	14144777	14144777	A	G	hom	10742.23	2254
intergenic	PIEZO2(dist=461402),GNAL(dist=78851)			536;Name=lod=202	0.97		0.70	rs62084100													18	11610163	11610163	G	C	het	69926.81	13754
intergenic	ZNF519(dist=15093),ANKRD20A5P(dist=31514)			611;Name=lod=404	0.96		0.70	rs3016674													18	14147582	14147582	C	A	hom	5424.31	875
intergenic	ZNF519(dist=12120),ANKRD20A5P(dist=34487)				0.96		0.69	rs8087831													18	14144609	14144609	A	G	hom	4199.31	749
UTR3	GNAL					0.607643	0.69	rs643652													18	11884670	11884670	C	G	hom	25087.77	2849
UTR3	GNAL			309;Name=lod=24			0.69	rs641010													18	11882794	11882794	T	C	hom	46033.07	4989
intergenic	ANKRD30B(dist=144926),LOC644669(dist=315892)			617;Name=lod=430	0.97		0.68	rs907504													18	14997663	14997663	A	T	het	12534.95	3276
intergenic	ZNF519(dist=12086),ANKRD20A5P(dist=34521)				0.96		0.68	rs8088895													18	14144575	14144575	T	C	hom	1515.10	432
intergenic	IMPA2(dist=45984),ANKRD62(dist=16979)						0.68	rs7244932													18	12076869	12076869	T	A	hom	159.43	193
UTR3	RNMT						0.68	rs1043925													18	13764016	13764016	A	T	het	36576.37	6357
intergenic	CYP4F35P(dist=34640),CXADRP3(dist=100791)				0.98		0.67	rs6423428													18	14377163	14377163	T	C	hom	11653.51	1186
intergenic	ANKRD30B(dist=152999),LOC644669(dist=307819)				0.97		0.67	rs4890719													18	15005736	15005736	G	A	hom	7132.20	1404
intergenic	ZNF519(dist=16085),ANKRD20A5P(dist=30522)			672;Name=lod=716	0.96		0.67	rs4797029													18	14148574	14148574	T	C	hom	2711.49	891
intronic	GNAL					0.676303	0.67	rs1647557													18	11824886	11824886	T	G	hom	24058.27	2631
intronic	GNAL					0.711704	0.67	rs1647556													18	11824880	11824880	T	A	hom	23625.66	2345
exonic	PIEZO2	synonymous SNV	PIEZO2:NM_022068:exon28:c.T4215A:p.L1405L			0.656373	0.66	rs8096037													18	10748603	10748603	A	T	het	53616.80	5235
intronic	PIEZO2					0.657468	0.66	rs8093389													18	10744108	10744108	G	A	het	18177.92	2715
intergenic	ZNF519(dist=15037),ANKRD20A5P(dist=31570)			611;Name=lod=404	0.96		0.66	rs77762536													18	14147526	14147526	A	G	hom	6466.58	1707
UTR3	MIB1						0.66	rs7449													18	19446993	19446993	G	C	hom	40822.48	3151
intergenic	ZNF519(dist=16033),ANKRD20A5P(dist=30574)			672;Name=lod=716	0.96		0.66	rs7234829													18	14148522	14148522	G	T	hom	2789.06	452
intergenic	ZNF519(dist=16030),ANKRD20A5P(dist=30577)			672;Name=lod=716	0.96		0.66	rs7234535													18	14148519	14148519	C	T	hom	2978.77	426
intergenic	ZNF519(dist=16162),ANKRD20A5P(dist=30445)			672;Name=lod=716	0.96		0.66	rs4797869													18	14148651	14148651	G	A	hom	5935.33	1695
intergenic	ZNF519(dist=11150),ANKRD20A5P(dist=35457)			410;Name=lod=62	0.96		0.66	rs2869805													18	14143639	14143639	A	G	hom	2815.86	533
intronic	GNAL						0.66	rs1786564													18	11825212	11825212	G	C	hom	2984.19	208
intronic	GNAL						0.66	rs1647555													18	11824829	11824829	A	G	hom	16485.22	1208
intronic	GNAL						0.66	rs1647554													18	11824772	11824772	C	G	hom	15382.41	840
intronic	AFG3L2						0.65	rs7407640													18	12358997	12358997	A	G	het	20262.48	1689
ncRNA_exonic	CYP4F35P				0.96		0.65	rs7232691													18	14341566	14341566	T	C	het	118294.87	17216
ncRNA_intronic	CYP4F35P				0.96		0.65	rs1984679													18	14339108	14339108	G	C	het	19294.58	1058
intergenic	CYP4F35P(dist=35159),CXADRP3(dist=100272)			519;Name=lod=172	0.98		0.64	rs4797919													18	14377682	14377682	C	T	hom	69507.50	8447
intronic	GNAL						0.64	rs12969002													18	11724979	11724979	A	G	hom	10.43	3	53.44	10.43
intronic	AFG3L2					0.684838	0.63	rs8097342													18	12359920	12359920	G	A	het	24566.99	3137
upstream	TUBB6					0.708228	0.63	rs8087840													18	12308243	12308243	T	A	het	372.49	221
intronic	TUBB6					0.696790	0.63	rs8086993													18	12308377	12308377	C	A	het	437.03	162
upstream	TUBB6					0.704352	0.63	rs8086821													18	12308245	12308245	C	T	het	385.40	224
intergenic	PIEZO2(dist=469461),GNAL(dist=70792)				0.98		0.63	rs62099565													18	11618222	11618222	A	G	hom	8452.15	4110
exonic	AFG3L2	synonymous SNV	AFG3L2:NM_006796:exon11:c.G1389A:p.L463L			0.686145	0.63	rs11080572													18	12351342	12351342	C	T	het	61464	8259
intergenic	IMPA2(dist=36892),ANKRD62(dist=26071)			666;Name=lod=680			0.62	rs6505712													18	12067777	12067777	T	C	hom	55958.20	8612
intergenic	ANKRD30B(dist=225976),LOC644669(dist=234842)				0.98		0.62	rs3866248													18	15078713	15078713	C	T	hom	14.88	3	50.76	7.44
upstream	CTAGE1			719;Name=lod=1117			0.60	rs948386													18	19998810	19998810	G	C	het	4420.35	556
intergenic	POTEC(dist=84943),ANKRD30B(dist=119697)				0.98		0.60	rs9303819													18	14628542	14628542	A	G	hom	7564.13	683
intergenic	ZNF519(dist=20498),ANKRD20A5P(dist=26109)			579;Name=lod=302	0.96		0.60	rs56352449													18	14152987	14152987	T	G	het	14105.28	2169
intergenic	PIEZO2(dist=476617),GNAL(dist=63636)				0.98		0.60	rs200003993													18	11625378	11625378	-	A	hom	18922.82	1335
intergenic	POTEC(dist=85517),ANKRD30B(dist=119123)				0.98		0.60	rs11663740													18	14629116	14629116	G	T	hom	8989.65	703
intergenic	IMPA2(dist=25727),ANKRD62(dist=37236)			502;Name=lod=146	0.91		0.59	rs7231981													18	12056612	12056612	T	C	hom	31232.90	5722
ncRNA_intronic	ANKRD20A5P				0.96		0.59	rs4797872													18	14179603	14179603	A	G	hom	34317.38	3381
intergenic	PIEZO2(dist=490595),GNAL(dist=49658)			259;Name=lod=15	0.98		0.59	rs3928536													18	11639356	11639356	G	C	het	46260.47	7609
intergenic	POTEC(dist=69855),ANKRD30B(dist=134785)				0.98		0.59	rs3910686													18	14613454	14613454	T	G	hom	35642.52	4502
intergenic	POTEC(dist=70216),ANKRD30B(dist=134424)				0.98		0.59	rs12960773													18	14613815	14613815	A	G	hom	43820.72	5733
UTR3	GNAL						0.59	rs12373386													18	11882206	11882206	T	C	het	63579.29	5001
intergenic	IMPA2(dist=44616),ANKRD62(dist=18347)			778;Name=lod=1937			0.59	rs10853217													18	12075501	12075501	T	C	het	71203.96	12844
intergenic	IMPA2(dist=26504),ANKRD62(dist=36459)			579;Name=lod=300	0.91		0.58	rs9959781													18	12057389	12057389	C	G	hom	6073.66	506
intergenic	IMPA2(dist=26518),ANKRD62(dist=36445)			579;Name=lod=300	0.91		0.58	rs9959774													18	12057403	12057403	A	G	hom	6435.55	613
intergenic	IMPA2(dist=26232),ANKRD62(dist=36731)			463;Name=lod=102	0.91		0.58	rs9959561													18	12057117	12057117	C	T	hom	2662.52	763
intergenic	IMPA2(dist=26310),ANKRD62(dist=36653)			463;Name=lod=102	0.91		0.58	rs9959517													18	12057195	12057195	A	G	hom	6871.45	1400
intergenic	IMPA2(dist=25711),ANKRD62(dist=37252)			502;Name=lod=146	0.91		0.58	rs7231001													18	12056596	12056596	G	A	hom	30944.40	5916
intergenic	IMPA2(dist=25532),ANKRD62(dist=37431)				0.91		0.58	rs4617931													18	12056417	12056417	C	T	hom	24398.81	3065
intergenic	IMPA2(dist=25308),ANKRD62(dist=37655)				0.91		0.58	rs4516292													18	12056193	12056193	T	C	hom	28535.41	4195
intergenic	IMPA2(dist=32373),ANKRD62(dist=30590)						0.58	rs11876698													18	12063258	12063258	G	A	hom	1118.34	91
intergenic	IMPA2(dist=32290),ANKRD62(dist=30673)						0.58	rs11876652													18	12063175	12063175	C	T	hom	985.28	106
intergenic	PIEZO2(dist=476604),GNAL(dist=63649)				0.98		0.57	rs76938882													18	11625365	11625365	C	T	het	10202.97	1137
intergenic	C18orf61(dist=21786),CIDEA(dist=7823)						0.57	rs4796954													18	12246495	12246495	C	G	hom	3877.37	369
intergenic	IMPA2(dist=25965),ANKRD62(dist=36998)			374;Name=lod=44	0.91		0.57	rs4643402													18	12056850	12056850	C	T	hom	4175.98	401
intergenic	IMPA2(dist=36877),ANKRD62(dist=26086)			666;Name=lod=680			0.56	rs7506731													18	12067762	12067762	C	T	hom	54236.01	8961
intergenic	IMPA2(dist=25690),ANKRD62(dist=37273)			502;Name=lod=146	0.91		0.56	rs7230733													18	12056575	12056575	C	T	hom	35109.59	6570
intergenic	IMPA2(dist=32665),ANKRD62(dist=30298)						0.56	rs58801498													18	12063550	12063550	G	A	hom	14.92	16	57.34	4.97
intergenic	IMPA2(dist=37034),ANKRD62(dist=25929)						0.56	rs12966234													18	12067919	12067919	G	A	hom	26385.10	4511
UTR3	ROCK1			739;Name=lod=1338	0.99		0.56	rs12372													18	18529837	18529837	C	T	het	12156.39	2628
intergenic	IMPA2(dist=32334),ANKRD62(dist=30629)						0.56	rs11876694													18	12063219	12063219	G	A	hom	931.83	117
intronic	GREB1L						0.55	rs2117317													18	18983766	18983766	C	T	het	15319.97	2189
intronic	ROCK1						0.54	rs7237677													18	18559675	18559675	G	C	hom	261.42	56
intronic	RBBP8						0.54	rs4471804													18	20576181	20576181	G	T	het	5460.88	852
upstream	SNRPD1						0.54	rs2850556													18	19192255	19192255	C	T	het	11403.80	3509
intronic	SPIRE1						0.54	rs11664917													18	12583801	12583801	A	G	hom	14.92	6	60.00	3.73
intronic	MC2R						0.54	rs10853245													18	13886041	13886041	A	G	hom	158.67	9
intronic	ANKRD62				0.90		0.53	rs9948384													18	12101808	12101808	G	A	hom	21701.86	1928
intronic	ANKRD30B				0.96		0.53	rs9303863													18	14796214	14796214	G	T	het	28845.15	3816
intronic	ANKRD30B				0.96		0.53	rs9303862													18	14795992	14795992	A	G	het	4595.07	532
intronic	ANKRD62			659;Name=lod=633	0.90		0.53	rs8095234													18	12102156	12102156	G	C	hom	46780.49	5219
ncRNA_intronic	ANKRD20A5P				0.96		0.53	rs508563													18	14183550	14183550	G	A	het	20327.31	2441
exonic	ANKRD62	unknown	UNKNOWN				0.53	rs4519391													18	12115509	12115509	G	A	hom	4180.96	503
UTR3	MC2R						0.53	rs4308014													18	13883939	13883939	C	T	hom	49295.87	8043
UTR3	MC2R						0.53	rs3888305													18	13883525	13883525	T	A	hom	8578.29	1252
intergenic	ANKRD30B(dist=70674),LOC644669(dist=390144)						0.53	rs2487259													18	14923411	14923411	T	C	hom	165.87	11	60.00
intronic	MC2R						0.53	rs12454755													18	13900599	13900599	A	G	hom	81.37	9	60.00
intronic	ANKRD62				0.90		0.52	rs8095647													18	12102407	12102407	G	A	hom	22181.47	1806
UTR3	MC2R						0.52	rs4797825													18	13884566	13884566	C	T	hom	48586.71	6685
intergenic	GATA6(dist=80899),CTAGE1(dist=130174)						0.52	rs28668027													18	19863390	19863390	A	C	hom	123.73	14	60.00
UTR3	MC2R						0.52	rs1940907													18	13882230	13882230	G	C	hom	36626.17	3789
exonic	ESCO1	nonsynonymous SNV	ESCO1:NM_052911:exon4:c.C662T:p.T221M			0.481163	0.52	rs13381941		0.037408	N	0.98	D	0.0010	B	0.385901	N	1.0E-6	P	-3.89	18	19154143	19154143	G	A	het	40111.75	8032
exonic	ANKRD30B	synonymous SNV	ANKRD30B:NM_001145029:exon3:c.G456A:p.L152L		0.92	0.484888	0.52	rs12457503													18	14752957	14752957	G	A	het	41665.03	4975
intergenic	ZNF519(dist=24802),ANKRD20A5P(dist=21805)			623;Name=lod=454	0.96		0.51	rs9959262													18	14157291	14157291	A	T	het	10582.47	1605
intronic	MC2R						0.51	rs8090269													18	13898044	13898044	T	A	hom	14.92	3	60.00	7.46
ncRNA_exonic	ANKRD20A5P				0.96		0.51	rs565541													18	14183720	14183720	C	T	het	37771.95	8325
UTR3	MIB1						0.51	rs14062													18	19450303	19450303	A	G	hom	51627.19	4469
intergenic	IMPA2(dist=61479),ANKRD62(dist=1484)			496;Name=lod=138			0.51	rs13381564													18	12092364	12092364	C	A	hom	72735.32	11745
intergenic	IMPA2(dist=61641),ANKRD62(dist=1322)			517;Name=lod=169			0.51	rs12958791													18	12092526	12092526	T	C	hom	35220.87	6624
UTR3	MC2R						0.51														18	13883731	13883731	-	AA	hom	33354.52	2669
ncRNA_intronic	ANKRD20A5P			634;Name=lod=505	0.96		0.49	rs6505881													18	14222293	14222293	A	G	het	6746.42	6041
exonic	POTEC	nonsynonymous SNV	POTEC:NM_001137671:exon1:c.T167C:p.M56T		0.98		0.49	rs200806970													18	14542979	14542979	A	G	het	22573.63	38467
intronic	MPPE1						0.48	rs8097892													18	11905953	11905953	C	T	hom	6621.81	1138
ncRNA_intronic	ANKRD20A5P				0.96		0.48	rs6505880													18	14205399	14205399	T	A	het	693.16	827
intronic	ANKRD30B				0.92		0.48	rs45620343													18	14752768	14752768	G	A	het	31566.22	2537
UTR3	GATA6						0.48	rs1941084													18	19780858	19780858	G	A	het	14560.63	4870
intergenic	ZNF519(dist=5168),ANKRD20A5P(dist=41439)				0.96		0.48	rs17625946													18	14137657	14137657	C	T	het	2450.67	275
intergenic	ZNF519(dist=14135),ANKRD20A5P(dist=32472)			626;Name=lod=468	0.96		0.48	rs12607822													18	14146624	14146624	G	A	het	1150.95	584
exonic	ANKRD30B	nonsynonymous SNV	ANKRD30B:NM_001145029:exon11:c.C1431G:p.F477L		0.92		0.47	rs9675365													18	14779969	14779969	C	G	het	9438.25	1802
intergenic	ANKRD20A5P(dist=16026),CYP4F35P(dist=94347)				0.96		0.47	rs8098863													18	14243075	14243075	T	A	het	584.26	938
ncRNA_intronic	ANKRD20A5P				0.96		0.47	rs7241501													18	14221979	14221979	T	C	het	6255.74	3563
ncRNA_intronic	ANKRD20A5P			385;Name=lod=49	0.96		0.47	rs7241474													18	14221931	14221931	T	C	het	2173.85	1864
ncRNA_intronic	ANKRD20A5P				0.96		0.47	rs4633786													18	14211566	14211566	G	C	het	12551.25	4954
intergenic	ANKRD20A5P(dist=15188),CYP4F35P(dist=95185)				0.96		0.47	rs4116344													18	14242237	14242237	T	A	het	1198.29	1019
intronic	RBBP8						0.47	rs3052770													18	20564801	20564803	TCA	-	het	22629.43	1714
intergenic	ANKRD30B(dist=73114),LOC644669(dist=387704)						0.47	rs2487261													18	14925851	14925851	A	C	hom	11.55	4	60.00
ncRNA_intronic	ANKRD20A5P				0.96		0.47	rs1818313													18	14218091	14218091	A	C	het	2456.37	3816
intronic	ANKRD30B				0.98		0.47	rs11877390													18	14822318	14822318	T	G	het	14943.75	3238
ncRNA_intronic	ANKRD20A5P				0.96		0.46	rs8090300													18	14220167	14220167	T	G	het	1655.49	2362
intronic	ANKRD30B				0.96		0.46	rs80095701													18	14797913	14797913	C	T	het	8878.70	1190
exonic	CEP192	nonsynonymous SNV	CEP192:NM_032142:exon3:c.G221C:p.G74A				0.46	rs4499304													18	13001512	13001512	G	C	het	13272.08	4640
ncRNA_intronic	ANKRD20A5P				0.96		0.46	rs3875027													18	14219580	14219580	A	C	het	2212.73	2940
exonic	ANKRD30B	synonymous SNV	ANKRD30B:NM_001145029:exon35:c.G3201A:p.L1067L	259;Name=lod=15	0.98		0.46	rs3126404													18	14850375	14850375	G	A	het	9971.05	2360
intronic	RBBP8						0.46	rs2305886													18	20577456	20577456	T	A	het	10202.55	869
intronic	ANKRD30B				0.98		0.46	rs1970446													18	14851370	14851370	T	G	hom	4042.84	373
intronic	CEP192					0.467015	0.46	rs1787013													18	13072979	13072979	T	C	hom	18442.77	3354
intergenic	ANKRD30B(dist=32531),LOC644669(dist=428287)				0.98		0.46	rs117446765													18	14885268	14885268	G	A	het	7852.25	1027
intronic	ANKRD30B				0.92		0.46	rs11080793													18	14780082	14780082	G	A	het	6827.64	743
intronic	ANKRD30B				0.96		0.45	rs9945819													18	14797914	14797914	A	G	het	9114.87	1181
intergenic	ANKRD30B(dist=34144),LOC644669(dist=426674)				0.98		0.45	rs786060													18	14886881	14886881	G	C	het	50628.75	9603
exonic	CTAGE1	synonymous SNV	CTAGE1:NM_172241:exon1:c.C1764T:p.L588L		0.92	0.457099	0.45	rs61747184													18	19996011	19996011	G	A	hom	52606	8991
intergenic	ANKRD30B(dist=34972),LOC644669(dist=425846)			632;Name=lod=492	0.98		0.45	rs28496193													18	14887709	14887709	A	G	het	40067.71	6120
intronic	ANKRD30B				0.96		0.44	rs9676173													18	14796443	14796443	G	T	het	17040.86	1963
ncRNA_intronic	ANKRD20A5P				0.96		0.44	rs7228976													18	14198408	14198408	T	C	het	584.39	1470
intergenic	PIEZO2(dist=495962),GNAL(dist=44291)				0.97		0.44	rs55999407													18	11644723	11644723	T	C	het	5131.13	10536
ncRNA_intronic	ANKRD20A5P				0.96		0.44	rs3971387													18	14219727	14219727	A	G	het	1987.91	3011
intronic	SLMO1					0.421113	0.44	rs3760550													18	12429313	12429313	C	T	hom	28285.93	7112
downstream	SPIRE1						0.44	rs2016707													18	12445615	12445615	T	C	hom	725.01	90
intronic	GREB1L						0.43	rs9947441													18	19100854	19100854	A	G	het	10274.06	1358
intergenic	ZNF519(dist=13673),ANKRD20A5P(dist=32934)			626;Name=lod=468	0.96		0.43	rs8097193													18	14146162	14146162	G	A	het	8136.42	3856
intronic	POTEC				0.98	0.550153	0.43	rs6505912													18	14538010	14538010	T	C	hom	59798.23	6861
ncRNA_intronic	ANKRD20A5P				0.96		0.43	rs4107135													18	14200667	14200667	A	G	het	1861.99	3196
intronic	SLMO1			251;Name=lod=14			0.43	rs3760551													18	12429623	12429623	G	A	hom	4878.28	455
intronic	SPIRE1						0.43	rs34456643													18	12565250	12565250	T	C	hom	11.01	5	60.00	11.01
exonic	ANKRD30B	synonymous SNV	ANKRD30B:NM_001145029:exon36:c.G3456A:p.T1152T	412;Name=lod=63	0.98		0.43	rs148887033													18	14851756	14851756	G	A	het	2860.20	2136
ncRNA_exonic	ANKRD20A5P				0.96		0.43	rs1444													18	14226257	14226257	T	C	het	676.76	1011
ncRNA_intronic	ANKRD20A5P				0.96		0.42	rs4624257													18	14198217	14198217	C	A	het	4615.64	3258
intronic	PIEZO2				0.93		0.41	rs7243837													18	10727804	10727804	T	A	het	17487.13	3240
intronic	PIEZO2				0.93		0.41	rs7243113													18	10727908	10727908	G	A	het	10108.28	2072
ncRNA_intronic	ANKRD20A5P				0.96		0.41	rs7235586													18	14208638	14208638	T	G	het	1409.29	1702
intronic	CEP192						0.41	rs476191													18	13095401	13095401	A	T	hom	8459.04	1099
ncRNA_intronic	ANKRD20A5P				0.96		0.41	rs4396594													18	14194214	14194214	T	C	het	894.27	3777
ncRNA_intronic	ANKRD20A5P				0.96		0.41	rs3971407													18	14203414	14203414	C	G	het	298.91	485
intergenic	ANKRD30B(dist=34776),LOC644669(dist=426042)				0.98		0.41	rs3960914													18	14887513	14887513	G	A	het	59378.70	5848
ncRNA_intronic	ANKRD20A5P				0.96		0.41	rs3890647													18	14212639	14212639	G	A	het	1517.40	1466
intronic	SPIRE1						0.41	rs35630805													18	12620881	12620881	A	G	hom	11.01	2	60.00	11.01
intronic	SPIRE1					0.392685	0.41	rs12454931													18	12634986	12634986	T	G	hom	7298.44	1756
intergenic	POTEC(dist=125238),ANKRD30B(dist=79402)				0.98		0.41	rs11664241													18	14668837	14668837	T	C	hom	80.40	14
intronic	PIEZO2				0.93		0.40	rs482103													18	10727926	10727926	G	A	het	5724.52	1685
UTR3	SLMO1						0.40	rs12605427													18	12431342	12431342	C	A	hom	4103.82	1434
ncRNA_intronic	ANKRD20A5P				0.96		0.40	rs11663865													18	14196965	14196965	T	C	het	2858.68	4158
intronic	SEH1L						0.39	rs58537161													18	12956336	12956336	T	C	hom	39.21	75	51.37	2.80
intronic	LDLRAD4						0.39	rs1648594													18	13518091	13518091	T	A	hom	10.43	3	60.00	10.43
intergenic	PIEZO2(dist=461868),GNAL(dist=78385)				0.97		0.39	rs139811051													18	11610629	11610629	T	C	het	1219.27	4515
intergenic	POTEC(dist=120515),ANKRD30B(dist=84125)				0.98		0.38	rs56182785													18	14664114	14664114	T	C	hom	11.55	1	46.00	11.55
intergenic	PIEZO2(dist=460662),GNAL(dist=79589)				0.96		0.38	rs201175976													18	11609423	11609425	AAG	-	het	9510.61	1814
intergenic	PIEZO2(dist=388562),GNAL(dist=151691)						0.38	rs148453039													18	11537323	11537323	-	TTTA	hom	23056.17	1283
intronic	SPIRE1						0.37	rs67268432													18	12565309	12565309	A	G	hom	11.55	5	60.00	11.55
intergenic	POTEC(dist=122771),ANKRD30B(dist=81869)				0.98		0.37	rs62082696													18	14666370	14666370	A	G	hom	443.26	158
UTR3	MC2R						0.37	rs4464147													18	13884009	13884009	G	A	hom	25327.36	5458
exonic	CIDEA	nonsynonymous SNV	CIDEA:NM_001279:exon4:c.G343T:p.V115F			0.305936	0.37	rs11545881		0.018534	N	0.57	T	0.024	B	4.76E-4	N	0.014646	N	-7.7	18	12274104	12274104	G	T	hom	8294.49	2984
intronic	CEP192						0.36	rs8096860													18	13019336	13019336	T	C	hom	2608.49	493
ncRNA_exonic	CXADRP3			528;Name=lod=186	0.98		0.36	rs74544178													18	14478229	14478229	T	C	hom	73635.09	14464
UTR3	GNAL						0.36	rs602201													18	11882268	11882268	T	A	het	19870.25	5305
exonic	ANKRD30B	nonsynonymous SNV	ANKRD30B:NM_001145029:exon34:c.C2930T:p.T977M	243;Name=lod=13	0.98		0.36	rs4090319													18	14848820	14848820	C	T	het	5314.54	1135
intronic	SEH1L						0.35	rs56263236													18	12979028	12979028	T	C	het	4085.34	717
intergenic	PSMG2(dist=36306),PTPN2(dist=23432)						0.35	rs2105665													18	12762045	12762045	A	G	hom	10.43	1	60.00	10.43
intronic	CEP76,PSMG2						0.34	rs9962006													18	12700849	12700849	G	A	hom	2637.24	279
intronic	CEP76,PSMG2						0.34	rs9959536													18	12694985	12694985	A	G	hom	14.90	7	60.00	4.97
intronic	PIEZO2						0.34	rs8095476													18	10762418	10762418	G	A	het	16259.90	2691
exonic	PIEZO2	nonsynonymous SNV	PIEZO2:NM_022068:exon26:c.G4060A:p.V1354I	479;Name=lod=118		0.309242	0.34	rs7234309													18	10752666	10752666	C	T	het	8547.45	2122
intronic	PIEZO2			517;Name=lod=169	0.93		0.34	rs583258													18	10724835	10724835	G	C	het	12954.07	3834
intronic	PSMG2					0.415600	0.34	rs3809919													18	12703192	12703192	C	T	hom	2320.51	1578
UTR5	PSMG2					0.408615	0.34	rs3809916													18	12703067	12703067	A	G	hom	3053.66	1622
UTR5	POTEC				0.98		0.34	rs28695525													18	14543452	14543452	A	G	hom	11714.61	2221
intronic	CEP76,PSMG2						0.34	rs2051262													18	12693655	12693655	A	G	hom	11.56	3	60.00
intronic	CEP76,PSMG2					0.397740	0.34	rs12966424													18	12678486	12678486	A	G	hom	5586.23	561
intronic	CEP76,PSMG2						0.34	rs12960997													18	12691610	12691610	A	G	hom	10266.45	1039
UTR3	GNAL						0.33	rs640519													18	11882676	11882676	C	A	het	3794.61	1006
intergenic	PIEZO2(dist=469512),GNAL(dist=70741)				0.98		0.33	rs62099566													18	11618273	11618273	T	C	het	12133.55	5367
exonic	PSMG2	synonymous SNV	PSMG2:NM_020232:exon4:c.A366G:p.S122S,PSMG2:NM_147163:exon4:c.A273G:p.S91S			0.399047	0.33	rs2302768													18	12718593	12718593	A	G	hom	19558.13	5907
intergenic	CYP4F35P(dist=33574),CXADRP3(dist=101857)				0.98		0.33	rs1849419													18	14376097	14376097	C	A	hom	12826.41	2775
intronic	CEP192						0.33	rs17659749													18	12991521	12991521	C	T	het	2009.22	812
intergenic	PIEZO2(dist=461571),GNAL(dist=78682)			536;Name=lod=202	0.97		0.33	rs113078004													18	11610332	11610332	G	T	het	51109.93	22844
intronic	LDLRAD4						0.32	rs34583826													18	13604991	13604991	C	G	hom	14.92	4	55.16	4.97
intergenic	MPPE1(dist=4819),IMPA2(dist=67812)						0.32	rs1822378													18	11913615	11913615	T	C	hom	76.07	38	56.89	4.75
UTR3	GNAL						0.32	rs139395614													18	11883162	11883162	-	GAT	het	3005.43	1778
intergenic	CYP4F35P(dist=34323),CXADRP3(dist=101108)				0.98		0.32	rs12963122													18	14376846	14376846	G	A	hom	7446.65	1170
UTR3	AFG3L2					0.277180	0.32	rs1129115													18	12329536	12329536	C	G	het	19585.24	5801
UTR3	GNAL						0.32														18	11883224	11883224	-	T	het	4475.28	1041
intronic	MC2R						0.31	rs4519393													18	13915410	13915410	C	A	hom	20630.30	2820
exonic	CEP192	nonsynonymous SNV	CEP192:NM_032142:exon3:c.G232A:p.G78R	272;Name=lod=17			0.31	rs11080618													18	13001523	13001523	G	A	het	11637.50	4648
exonic	POTEC	nonsynonymous SNV	POTEC:NM_001137671:exon1:c.C256G:p.H86D		0.98		0.30	rs45469098													18	14542890	14542890	G	C	het	54098.68	41720
intergenic	PIEZO2(dist=469406),GNAL(dist=70847)				0.98		0.30	rs147460284													18	11618167	11618167	C	T	het	6983.18	4684
intergenic	CYP4F35P(dist=34414),CXADRP3(dist=101017)				0.98		0.29	rs7239841													18	14376937	14376937	C	T	hom	4200.80	587
intergenic	CYP4F35P(dist=36098),CXADRP3(dist=99333)				0.98		0.29	rs55811695													18	14378621	14378621	C	T	hom	25883.88	3813
exonic	CEP192	synonymous SNV	CEP192:NM_032142:exon19:c.C3744T:p.H1248H			0.293864	0.29	rs2282541													18	13056333	13056333	C	T	het	23484.67	6418
intergenic	CYP4F35P(dist=19302),CXADRP3(dist=116129)				0.98		0.28	rs71351263													18	14361825	14361825	C	T	het	26752.52	20285
ncRNA_intronic	ANKRD20A5P				0.96		0.28	rs56267534													18	14218709	14218709	T	C	het	1098.42	1066
intergenic	CYP4F35P(dist=33602),CXADRP3(dist=101829)				0.98		0.28	rs4095530													18	14376125	14376125	G	A	hom	12602.77	2734
intergenic	ANKRD20A5P(dist=109286),CYP4F35P(dist=1087)			551;Name=lod=232	0.96		0.27	rs61173354													18	14336335	14336335	C	T	het	15655.92	4374
intergenic	LOC644669(dist=4031),NONE(dist=NONE)				0.98		0.27	rs458937													18	15329949	15329949	G	A	het	1797.67	1476
exonic	ANKRD30B	synonymous SNV	ANKRD30B:NM_001145029:exon34:c.G2931A:p.T977T	243;Name=lod=13	0.98		0.27	rs28555630													18	14848821	14848821	G	A	het	4687.41	1128
intronic	ANKRD30B				0.98		0.26	rs2775567													18	14828446	14828446	C	A	het	4014.14	517
intergenic	ZNF519(dist=20464),ANKRD20A5P(dist=26143)			579;Name=lod=302	0.96		0.26	rs12969945													18	14152953	14152953	A	G	het	4839.81	1213
UTR3	MC2R						0.25	rs4797824													18	13884513	13884513	C	T	hom	21263.03	7274
intergenic	IMPA2(dist=45555),ANKRD62(dist=17408)			778;Name=lod=1937			0.25	rs35530473													18	12076440	12076440	G	A	het	11989.26	2558
intergenic	CYP4F35P(dist=19115),CXADRP3(dist=116316)				0.98		0.25	rs35276123													18	14361638	14361638	C	T	het	24332.96	10004
intergenic	MC5R(dist=8580),MC2R(dist=46602)						0.25	rs28378884													18	13835441	13835441	G	T	hom	42.72	5	60.00	21.36
intronic	CEP192						0.25	rs12957380													18	13099249	13099249	C	T	hom	250.56	92
UTR3	SEH1L						0.24	rs8566													18	12985600	12985600	A	C	het	8504.33	2717
intergenic	CYP4F35P(dist=88891),CXADRP3(dist=46540)				0.98		0.24	rs8097139													18	14431414	14431414	C	A	hom	12103.64	3224
intronic	MPPE1						0.24	rs8085475													18	11897714	11897714	T	C	hom	10.43	3	53.44	10.43
intronic	ANKRD62			659;Name=lod=633	0.90		0.24	rs12963390													18	12102188	12102188	G	T	het	27040.28	5949
intronic	PIEZO2						0.23	rs72986076													18	10800095	10800095	A	G	hom	50.05	47	59.20	5.01
intronic	PIEZO2					0.285151	0.23	rs6505594													18	10795041	10795041	A	G	het	14594.96	2019
intronic	PIEZO2					0.285370	0.23	rs56112279													18	10797567	10797567	A	G	het	17295.22	2246
UTR3	GNAL						0.23	rs142433477													18	11883216	11883216	-	A	het	3813.72	1066
intronic	CEP76,PSMG2						0.23	rs137976891													18	12700919	12700922	ATAT	-	hom	9258.72	850
intergenic	ZNF519(dist=18597),ANKRD20A5P(dist=28010)			523;Name=lod=178	0.96		0.23	rs12963813													18	14151086	14151086	G	A	het	7759.94	3345
UTR3	RNMT						0.22	rs3760533													18	13760290	13760290	T	C	het	12992.08	3371
UTR3	LDLRAD4						0.22	rs3744812													18	13649600	13649600	C	T	het	7275.67	2042
UTR5	CEP76						0.22	rs35699948													18	12702705	12702705	G	C	hom	2091.70	711
intergenic	ANKRD62(dist=62591),C18orf61(dist=8439)			483;Name=lod=122	0.98		0.22	rs34459768													18	12192339	12192339	C	G	het	19840.85	4098
intronic	CEP76,PSMG2						0.22	rs34277169													18	12695415	12695415	C	A	hom	5972.37	1154
intergenic	ANKRD30B(dist=144776),LOC644669(dist=316042)			617;Name=lod=430	0.97		0.22	rs2005092													18	14997513	14997513	C	T	het	1184.22	951
exonic	ZNF519	nonsynonymous SNV	ZNF519:NM_145287:exon3:c.A500G:p.N167S		0.91	0.177941	0.21	rs62086326		0.928555	N	0.3	T	0.0070	B	0.837788	NA	3.55E-4	N	0.677	18	14106039	14106039	T	C	het	6147.31	2959
intergenic	IMPA2(dist=37193),ANKRD62(dist=25770)			648;Name=lod=572			0.21	rs34203217													18	12068078	12068078	G	T	het	39539.13	11324
intergenic	IMPA2(dist=37545),ANKRD62(dist=25418)						0.21	rs12970359													18	12068430	12068430	C	T	het	4406.53	1963
ncRNA_intronic	ANKRD20A5P				0.96		0.21	rs113449542													18	14188842	14188842	C	G	het	1149.36	2712
intergenic	POTEC(dist=89191),ANKRD30B(dist=115449)				0.98		0.20	rs62081738													18	14632790	14632790	C	T	het	2877.89	2076
intergenic	MC2R(dist=10819),ZNF519(dist=173588)						0.20	rs57039231													18	13926354	13926354	T	C	hom	10.43	2	60.00	5.22
UTR3	FAM210A						0.20	rs3809899													18	13664222	13664222	C	T	het	22680.45	6216
intergenic	ANKRD30B(dist=151924),LOC644669(dist=308894)				0.97		0.20	rs11665121													18	15004661	15004661	C	T	hom	67.69	74
UTR3	RNMT						0.20	rs11659762													18	13760954	13760954	T	C	het	10585.38	3640
intergenic	IMPA2(dist=45480),ANKRD62(dist=17483)			778;Name=lod=1937			0.19	rs12458258													18	12076365	12076365	C	A	het	18867.79	5419
ncRNA_intronic	ANKRD20A5P				0.96		0.19	rs11877448													18	14194207	14194207	G	A	het	831.28	3871
ncRNA_intronic	ANKRD20A5P				0.96		0.19	rs118190739													18	14188786	14188786	G	A	het	424.97	1936
intergenic	ZNF519(dist=13479),ANKRD20A5P(dist=33128)			626;Name=lod=468	0.96		0.18	rs8094343													18	14145968	14145968	T	A	het	412.19	316
intergenic	ZNF519(dist=12411),ANKRD20A5P(dist=34196)			554;Name=lod=238	0.96		0.18	rs8088407													18	14144900	14144900	C	T	het	5939.30	2513
intergenic	ZNF519(dist=12192),ANKRD20A5P(dist=34415)			412;Name=lod=63	0.96		0.18	rs8087859													18	14144681	14144681	A	G	het	4561.93	1535
intergenic	ANKRD30B(dist=147197),LOC644669(dist=313621)			623;Name=lod=455	0.97		0.18	rs62087315													18	14999934	14999934	G	A	het	581.17	620
intergenic	ZNF519(dist=14090),ANKRD20A5P(dist=32517)			626;Name=lod=468	0.96		0.18	rs56027660													18	14146579	14146579	C	T	het	634.26	460
intergenic	ANKRD30B(dist=153048),LOC644669(dist=307770)				0.97		0.18	rs4890720													18	15005785	15005785	C	T	het	1154.49	1142
intronic	RNMT						0.18	rs11080684													18	13726816	13726816	C	A	het	6703.35	2912
intronic	PIEZO2						0.17	rs9962475													18	10714679	10714679	T	A	het	3787.23	1326
intergenic	PIEZO2(dist=469513),GNAL(dist=70740)				0.98		0.17	rs62099567													18	11618274	11618274	G	A	het	10986.31	5363
ncRNA_intronic	ANKRD20A5P				0.96		0.17	rs3875026													18	14219520	14219520	C	T	het	950.97	2320
ncRNA_exonic	ANKRD20A5P				0.96		0.17	rs35913903													18	14226944	14226944	G	A	het	598.78	1600
intergenic	POTEC(dist=69928),ANKRD30B(dist=134712)				0.98		0.17	rs146167236													18	14613527	14613527	T	C	het	15709.72	7126
intergenic	ZNF519(dist=5276),ANKRD20A5P(dist=41331)				0.96		0.17	rs139598070													18	14137765	14137765	G	A	hom	2900.38	493
ncRNA_intronic	ANKRD20A5P				0.96		0.17	rs11665248													18	14210185	14210185	A	C	het	568.52	1250
intergenic	PIEZO2(dist=490485),GNAL(dist=49768)				0.98		0.17	rs115877816													18	11639246	11639246	T	C	het	7323.26	4096
ncRNA_exonic	CYP4F35P				0.96		0.16	rs149704870													18	14338016	14338016	A	C	het	26031.59	18570
intronic	PIEZO2						0.16	rs1189853													18	10827550	10827550	C	T	hom	14.92	10	61.07	7.46
intergenic	CTAGE1(dist=1273),RBBP8(dist=514144)			719;Name=lod=1117			0.15	rs12458941													18	19999151	19999151	C	T	het	15386.83	3601
intronic	PIEZO2			517;Name=lod=169	0.93		0.15	rs12458622													18	10724830	10724830	G	A	het	7840.98	3759
intergenic	MC2R(dist=139209),ZNF519(dist=45198)						0.14	rs8095230													18	14054744	14054744	A	G	het	1918.91	744
exonic	PIEZO2	nonsynonymous SNV	PIEZO2:NM_022068:exon23:c.G3443T:p.C1148F	569;Name=lod=273		0.156592	0.14	rs35033671													18	10759840	10759840	C	A	het	13351.06	4114
intronic	GNAL						0.14	rs2855641													18	11864720	11864720	A	G	het	2221.27	2056
UTR5	MPPE1						0.14	rs2304952													18	11908720	11908720	A	G	het	1264.88	759
intronic	ABHD3						0.13	rs11665314													18	19243976	19243976	T	G	het	8655.91	1778
intergenic	MC5R(dist=21269),MC2R(dist=33913)						0.12	rs7240244													18	13848130	13848130	A	G	hom	14.92	4	55.16	7.46
intergenic	PIEZO2(dist=495603),GNAL(dist=44650)				0.97		0.12	rs111474526													18	11644364	11644364	G	A	het	33059.26	7104
upstream	MC2R						0.11	rs79533878													18	13915537	13915537	A	G	het	1008.08	3855
intergenic	PIEZO2(dist=495348),GNAL(dist=44905)						0.11	rs56368148													18	11644109	11644109	G	A	het	1452.20	998
UTR3	ESCO1						0.11	rs45579846													18	19109765	19109765	G	A	het	12881.55	3565
intronic	GNAL						0.11	rs2855642													18	11864723	11864723	A	G	het	2268.83	1953
intergenic	PIEZO2(dist=495906),GNAL(dist=44347)				0.97		0.11	rs144786943													18	11644667	11644667	G	A	hom	21095.70	11183
intronic	AFG3L2						0.09	rs78550590													18	12337688	12337688	G	C	het	1874.34	825
ncRNA_intronic	ANKRD20A5P				0.96		0.09	rs7506568													18	14216805	14216805	C	T	het	13105.70	3385
exonic	GREB1L	synonymous SNV	GREB1L:NM_001142966:exon32:c.T5541C:p.S1847S	680;Name=lod=771		0.171047	0.09	rs17720074													18	19100717	19100717	T	C	het	7833.90	4171
ncRNA_intronic	ANKRD20A5P				0.96		0.09	rs118090847													18	14214980	14214980	A	G	het	1069.69	1408
UTR3	GNAL						0.09														18	11883448	11883448	-	A	het	669.22	1036
ncRNA_exonic	CYP4F35P				0.96		0.08	rs4544300													18	14338666	14338666	C	T	het	25165.44	16199
intergenic	CYP4F35P(dist=48539),CXADRP3(dist=86892)				0.98		0.08	rs17706288													18	14391062	14391062	G	T	het	10153.54	2869
ncRNA_exonic	CYP4F35P				0.96		0.08	rs113877654													18	14338136	14338136	C	T	het	21336.28	22972
ncRNA_exonic	CYP4F35P				0.96		0.07	rs34001884													18	14337670	14337670	G	T	het	11780.09	6518
ncRNA_intronic	CYP4F35P				0.96		0.07	rs1969142													18	14339094	14339094	T	C	het	3002.98	1392
intergenic	CYP4F35P(dist=89076),CXADRP3(dist=46355)				0.98		0.07	rs185293277													18	14431599	14431599	G	A	het	1232.12	499
ncRNA_intronic	CYP4F35P			393;Name=lod=53	0.96		0.07	rs185115282													18	14340678	14340678	T	C	het	2560.13	4068
UTR3	CHMP1B						0.07	rs1786581													18	11852182	11852182	C	T	het	4304.56	2925
ncRNA_exonic	CYP4F35P				0.96		0.07	rs141380391													18	14340559	14340559	C	G	het	4116.52	4580
ncRNA_exonic	CYP4F35P				0.96		0.07	rs12455096													18	14337441	14337441	C	T	het	20310.66	13492
intronic	RBBP8						0.06	rs78439784													18	20577789	20577789	T	C	het	156.97	374	59.47	5.23
downstream	CTAGE1						0.06	rs113073293													18	19993518	19993518	A	C	het	2005.59	612
intergenic	CTAGE1(dist=431139),RBBP8(dist=84278)						0.05	rs79017531													18	20429017	20429017	G	C	hom	11.55	3	60.00	11.55
intronic	MIB1						0.05	rs11083356													18	19383661	19383661	T	A	het	172.76	278
intronic	PIEZO2						0.04	rs73946010													18	10744296	10744296	A	G	het	1346.87	1951
intergenic	ZNF519(dist=14116),ANKRD20A5P(dist=32491)			626;Name=lod=468	0.96		0.04	rs142523502													18	14146605	14146605	T	C	het	332.41	517
UTR3	CHMP1B						0.03	rs141509274													18	11854083	11854083	C	T	het	558.08	541
UTR3	LDLRAD4						0.02	rs76529307													18	13650984	13650984	A	C	het	615.28	3951
intronic	PIEZO2						0.02	rs72988003													18	10807391	10807391	T	C	het	1755.25	1001
UTR3	FAM210A						0.02	rs55800471													18	13665766	13665766	A	G	het	860.49	4704
UTR5	FAM210A						0.02	rs45601541													18	13726558	13726558	G	C	het	571.97	733
UTR3	MIB1						0.02	rs45576836													18	19445752	19445752	A	G	het	5986.12	2705
exonic	FAM210A	nonsynonymous SNV	FAM210A:NM_152352:exon2:c.T115A:p.Y39N,FAM210A:NM_001098801:exon3:c.T115A:p.Y39N			0.032216	0.02	rs35493157		0.088709	N	1.0	D	0.135	B	0.668529	N	0.001208	N	-3.78	18	13681962	13681962	A	T	het	1420.27	5749
ncRNA_intronic	ANKRD20A5P				0.96		0.02	rs191352508													18	14219703	14219703	A	C	het	692.29	2836
intergenic	ANKRD30B(dist=421905),LOC644669(dist=38913)			371;Name=lod=43	0.98		0.02	rs149773868													18	15274642	15274642	C	T	het	1068.86	682
exonic	CTAGE1	nonsynonymous SNV	CTAGE1:NM_172241:exon1:c.A970G:p.I324V		0.92	0.032394	0.02	rs12961009													18	19996805	19996805	T	C	het	6663.35	10286
UTR3	FAM210A						0.02	rs118166978													18	13666328	13666328	T	C	het	1125.02	3680
UTR3	LDLRAD4						0.02	rs118076949													18	13651982	13651982	C	T	het	1658.51	6097
intergenic	ANKRD30B(dist=274970),LOC644669(dist=185848)				0.98		0.02	rs112847150													18	15127707	15127707	T	C	hom	14.90	3	30.22	7.45
intronic	CIDEA						0.01	rs75614943													18	12273488	12273488	T	C	hom	10.43	4	53.95	10.43
intronic	ROCK1						0.01	rs200927368													18	18572984	18572984	T	-	het	1393.75	1689
intergenic	ANKRD20A5P(dist=97536),CYP4F35P(dist=12837)				0.96		0.01	rs137879992													18	14324585	14324585	A	G	hom	11.01	2	60.00	11.01
exonic	TUBB6	synonymous SNV	TUBB6:NM_032525:exon4:c.G582A:p.E194E	525;Name=lod=181	0.90	0.007919	0.0041	rs113607226													18	12325370	12325370	G	A	het	1497.15	5276	59.26	7.96
UTR3	GNAL						0.0032	rs187326028													18	11882250	11882250	C	T	het	1542.51	4376
intergenic	ANKRD20A5P(dist=81854),CYP4F35P(dist=28519)				0.96		0.0032	rs181992409													18	14308903	14308903	A	G	hom	14.92	6	50.86	7.46
intergenic	NONE(dist=NONE),ROCK1(dist=12519)							rs4401131													18	18517184	18517184	C	T	het	10071.37	2180
UTR3	LDLRAD4																				18	13647992	13647992	C	T	het	1025.42	3715	59.10	6.37
intergenic	PIEZO2(dist=495672),GNAL(dist=44581)				0.97			rs56215832													18	11644433	11644433	G	C	het	10593.23	12491
intergenic	NONE(dist=NONE),ROCK1(dist=12465)							rs62088492													18	18517238	18517238	A	C	het	1121.22	1081
ncRNA_intronic	ANKRD20A5P				0.96			rs117794929													18	14183635	14183635	C	T	het	11613.31	7474
intergenic	ANKRD30B(dist=455314),LOC644669(dist=5504)				0.98																18	15308051	15308051	C	T	het	1211.62	6056
ncRNA_exonic	ANKRD20A5P				0.96			rs4095019													18	14221482	14221482	T	C	het	12444.55	10555
ncRNA_exonic	ANKRD20A5P				0.96			rs7228821													18	14226776	14226776	A	G	het	1269.99	1746
UTR3	ROCK1				0.99			rs12070													18	18530185	18530185	G	A	het	13512.22	6517
ncRNA_intronic	ANKRD20A5P				0.96			rs142824914													18	14183642	14183642	C	G	het	13533.66	7849
intergenic	ANKRD30B(dist=35424),LOC644669(dist=425394)			295;Name=lod=21	0.98			rs62089037													18	14888161	14888161	G	T	het	13821.74	5739
exonic	POTEC	synonymous SNV	POTEC:NM_001137671:exon1:c.G279A:p.T93T		0.98			rs200779556													18	14542867	14542867	C	T	het	13824.92	37724
intergenic	NONE(dist=NONE),ROCK1(dist=12526)							rs4391821													18	18517177	18517177	G	A	het	1403.08	2182
intergenic	ANKRD30B(dist=420634),LOC644669(dist=40184)				0.98			rs200288457													18	15273371	15273371	G	T	het	14541.38	4007
ncRNA_intronic	ANKRD20A5P				0.96			rs62085004													18	14183646	14183646	C	T	het	14579.20	8139
intergenic	ANKRD30B(dist=420637),LOC644669(dist=40181)				0.98			rs112221497													18	15273374	15273374	A	T	het	14619	4088
intronic	ROCK1				0.99			rs2663699													18	18534702	18534702	T	C	het	1488.46	3517
intergenic	ANKRD30B(dist=319954),LOC644669(dist=140864)				0.97			rs111923167													18	15172691	15172691	A	G	het	1489.55	2634
ncRNA_intronic	ANKRD20A5P				0.96			rs16956999													18	14204207	14204207	C	T	het	1506.40	3451
intergenic	ANKRD30B(dist=420644),LOC644669(dist=40174)				0.98			rs112099213													18	15273381	15273381	A	C	het	15195.09	4516
intronic	ESCO1																				18	19119977	19119978	AT	-	het	15225.61	2668
intergenic	ANKRD30B(dist=319939),LOC644669(dist=140879)				0.97			rs113225926													18	15172676	15172676	T	C	het	1525.67	2942
intergenic	ANKRD30B(dist=455360),LOC644669(dist=5458)				0.98			rs79237788													18	15308097	15308097	T	C	het	15366.44	3932
ncRNA_intronic	ANKRD20A5P				0.96			rs148462914													18	14214882	14214882	A	G	het	1537.66	2591
ncRNA_exonic	ANKRD20A5P				0.96			rs62085005													18	14183734	14183734	A	G	het	15972.30	8122
ncRNA_intronic	ANKRD20A5P				0.96			rs73426321													18	14214773	14214773	A	G	het	16686.46	5177
intergenic	LOC644669(dist=4428),NONE(dist=NONE)				0.98			rs73429068													18	15330346	15330346	A	G	het	17474.50	6442
intergenic	ANKRD30B(dist=345027),LOC644669(dist=115791)			627;Name=lod=469	0.97																18	15197764	15197764	A	G	het	1748.90	1954
exonic	POTEC	synonymous SNV	POTEC:NM_001137671:exon1:c.C54T:p.F18F		0.98			rs45502401													18	14543092	14543092	G	A	het	18286.63	23842
intergenic	PIEZO2(dist=461621),GNAL(dist=78632)			536;Name=lod=202	0.97			rs201757125													18	11610382	11610382	C	A	het	18791.68	19291
ncRNA_intronic	ANKRD20A5P				0.96																18	14214890	14214890	A	G	het	1879.57	2583
ncRNA_intronic	ANKRD20A5P				0.96			rs52833611													18	14214513	14214513	T	A	het	1951.24	2021
ncRNA_intronic	ANKRD20A5P				0.96																18	14214904	14214904	C	T	het	1961.92	2373
intergenic	ANKRD30B(dist=345045),LOC644669(dist=115773)			627;Name=lod=469	0.97																18	15197782	15197782	C	G	het	2006.56	1682
ncRNA_intronic	ANKRD20A5P				0.96			rs62085007													18	14183840	14183840	T	A	het	2044.11	10060
intergenic	ANKRD30B(dist=455093),LOC644669(dist=5725)				0.98			rs73427096													18	15307830	15307830	T	G	het	20540.54	4136
intergenic	ZNF519(dist=42353),ANKRD20A5P(dist=4254)				0.96			rs60190052													18	14174842	14174842	A	T	het	2086.69	920
ncRNA_intronic	ANKRD20A5P				0.96																18	14214912	14214912	T	C	het	2109.27	2322
intergenic	PIEZO2(dist=495656),GNAL(dist=44597)				0.97			rs201966462													18	11644417	11644417	T	C	het	2161.89	6681	32.85	8.55
exonic	ROCK1	nonsynonymous SNV	ROCK1:NM_005406:exon31:c.C3649G:p.Q1217E	728;Name=lod=1216	0.99			rs201390233		0.999529	C	0.21	T	0.0010	B	0.999999	D	0.896868	D	5.08	18	18534948	18534948	G	C	het	21993.62	8527
UTR3	ROCK1			739;Name=lod=1338	0.99			rs201993521													18	18529823	18529823	A	C	het	2380.19	2550
ncRNA_exonic	ANKRD20A5P				0.96			rs10912													18	14226633	14226633	A	G	het	2402.98	3845
intergenic	PIEZO2(dist=461588),GNAL(dist=78665)			536;Name=lod=202	0.97			rs56067329													18	11610349	11610349	G	A	het	24156.82	21963
intergenic	ANKRD30B(dist=455229),LOC644669(dist=5589)				0.98			rs76892102													18	15307966	15307966	G	C	het	25657	9786
intergenic	NONE(dist=NONE),ROCK1(dist=12573)							rs77415712													18	18517130	18517130	G	C	het	2705.89	1099
intergenic	ANKRD30B(dist=455405),LOC644669(dist=5413)				0.98			rs77116153													18	15308142	15308142	G	C	het	2732.96	1668
ncRNA_intronic	ANKRD20A5P				0.96			rs149470875													18	14214844	14214844	T	A	het	2786.65	3560
intergenic	ANKRD30B(dist=420917),LOC644669(dist=39901)				0.98			rs61960736													18	15273654	15273654	C	G	het	2830.14	3339
intergenic	ANKRD30B(dist=455254),LOC644669(dist=5564)				0.98			rs79994734													18	15307991	15307991	A	G	het	29338.05	8217
intronic	ROCK1				0.99			rs200736750													18	18535355	18535355	A	G	het	2947.53	1071
intergenic	ANKRD30B(dist=422947),LOC644669(dist=37871)			508;Name=lod=155	0.98			rs201807070													18	15275684	15275684	G	T	het	312.96	2161
intronic	PIEZO2			708;Name=lod=1007	0.93			rs112976898													18	10726607	10726623	GGACGCCGACGTGCGCT	-	het	31779.28	3105
exonic	POTEC	nonsynonymous SNV	POTEC:NM_001137671:exon1:c.G355A:p.A119T		0.98			rs201849570													18	14542791	14542791	C	T	het	33438.75	34817
intergenic	NONE(dist=NONE),ROCK1(dist=13876)							rs62091833													18	18515827	18515827	C	A	het	348.36	116
ncRNA_intronic	ANKRD20A5P				0.96			rs75698625													18	14183638	14183638	G	C	het	38749.56	7582
exonic	POTEC	synonymous SNV	POTEC:NM_001137671:exon1:c.C237T:p.N79N		0.98			rs8040519													18	14542909	14542909	G	A	het	40625.48	42735
intronic	PIEZO2							rs113036785													18	10797178	10797178	C	T	het	417.43	518
intronic	PIEZO2			708;Name=lod=1007	0.93																18	10726549	10726549	G	T	het	420.83	678	54.67	10.79
intergenic	ZNF519(dist=42380),ANKRD20A5P(dist=4227)				0.96			rs59415793													18	14174869	14174869	T	C	het	4291.58	1150
ncRNA_intronic	ANKRD20A5P				0.96			rs113536109													18	14220986	14220986	G	A	het	4432.62	3620
ncRNA_intronic	C18orf61			505;Name=lod=151	0.98																18	12212030	12212030	A	-	het	4495.90	1325
intronic	ANKRD30B				0.98			rs72478160													18	14826454	14826454	A	C	het	4546.98	690
intronic	SEH1L							rs35999381													18	12963147	12963147	T	-	het	4650.21	2003
intergenic	ANKRD30B(dist=422968),LOC644669(dist=37850)			508;Name=lod=155	0.98			rs75791478													18	15275705	15275705	T	A	het	475.78	2505
intronic	ANKRD30B				0.98			rs200550707													18	14814651	14814651	G	T	het	492.31	2240
intergenic	LOC644669(dist=4090),NONE(dist=NONE)				0.98			rs75361571													18	15330008	15330008	G	A	het	501.34	4596
intergenic	NONE(dist=NONE),ROCK1(dist=12552)																				18	18517151	18517151	A	C	het	533.81	2066
intronic	SLMO1																				18	12427465	12427465	G	T	het	54.70	486
intergenic	ZNF519(dist=42482),ANKRD20A5P(dist=4125)				0.96			rs79436688													18	14174971	14174971	C	A	het	548.18	388
intergenic	ZNF519(dist=42481),ANKRD20A5P(dist=4126)				0.96			rs76146130													18	14174970	14174970	C	G	het	552.30	398
intergenic	PIEZO2(dist=461967),GNAL(dist=78286)				0.97			rs201693577													18	11610728	11610728	G	A	het	5617.92	1493
ncRNA_exonic	ANKRD20A5P				0.96			rs1297010													18	14183747	14183747	T	C	het	582.59	8411
UTR3	ROCK1				0.99			rs201406338													18	18529719	18529719	C	T	het	583.05	855
ncRNA_exonic	ANKRD20A5P				0.96			rs76418615													18	14179247	14179247	G	A	het	595.55	2945
intronic	SEH1L							rs11286163													18	12955440	12955440	T	-	het	5966.72	2037
ncRNA_intronic	ANKRD20A5P				0.96																18	14188122	14188122	-	T	het	626.53	1788
intergenic	NONE(dist=NONE),ROCK1(dist=12487)							rs148670648													18	18517216	18517216	A	C	het	636.87	2243
UTR3	ROCK1			739;Name=lod=1338	0.99			rs72879404													18	18529872	18529872	A	G	het	6499.47	2784
ncRNA_intronic	ANKRD20A5P				0.96			rs4084136													18	14197453	14197453	A	G	het	7043.84	6588
UTR3	ROCK1			739;Name=lod=1338	0.99			rs72879406													18	18529880	18529880	G	A	het	7204.95	2785
intronic	GNAL																				18	11862636	11862636	C	G	het	74.19	281	59.31	5.71
intergenic	ANKRD30B(dist=344646),LOC644669(dist=116172)			627;Name=lod=469	0.97			rs74684425													18	15197383	15197383	T	C	het	761.55	668
intergenic	ZNF519(dist=42473),ANKRD20A5P(dist=4134)				0.96			rs60459951													18	14174962	14174962	C	T	het	912.63	409
intergenic	ANKRD30B(dist=455136),LOC644669(dist=5682)				0.98			rs71236570													18	15307873	15307873	C	G	het	9162.06	5788
intergenic	NONE(dist=NONE),ROCK1(dist=12498)							rs4415768													18	18517205	18517205	T	C	het	917.84	2259
intergenic	NONE(dist=NONE),ROCK1(dist=12549)							rs62088490													18	18517154	18517154	A	G	het	9233.75	2098
intronic	ANKRD30B				0.98			rs56391489													18	14837169	14837169	T	-	het	9246.15	3342
intergenic	ANKRD30B(dist=345071),LOC644669(dist=115747)				0.97																18	15197808	15197808	A	C	het	927.47	1285
exonic	POTEC	nonsynonymous SNV	POTEC:NM_001137671:exon1:c.A107G:p.K36R		0.98			rs45570841													18	14543039	14543039	T	C	het	9325.71	26731
ncRNA_intronic	ANKRD20A5P				0.96			rs3865372													18	14211325	14211325	C	T	het	9413.33	7185
intergenic	NONE(dist=NONE),ROCK1(dist=12501)							rs62088491													18	18517202	18517202	A	G	het	9602.52	2246
intergenic	POTEC(dist=86235),ANKRD30B(dist=118405)			349;Name=lod=35	0.98			rs201419817													18	14629834	14629834	T	C	het	9793.29	4525
intronic	ESCO1							rs35451929													18	19110467	19110467	G	-	het	9817.97	2016
intergenic	PIEZO2(dist=495514),GNAL(dist=44736)							rs75550061													18	11644275	11644278	AGGG	-	het	9896.98	1351
intergenic	NONE(dist=NONE),ROCK1(dist=10577)							rs63749318													18	18519126	18519126	C	G	hom	10105.62	1633
intergenic	NONE(dist=NONE),ROCK1(dist=10550)							rs63749320													18	18519153	18519153	G	T	hom	1050.71	1571
intergenic	NONE(dist=NONE),ROCK1(dist=9614)							rs4323967													18	18520089	18520089	T	C	hom	1064.49	285
UTR5	LDLRAD4																				18	13612546	13612546	C	-	hom	10851.79	4298
intergenic	NONE(dist=NONE),ROCK1(dist=10770)							rs78027355													18	18518933	18518933	T	A	hom	11203.31	2104
intergenic	NONE(dist=NONE),ROCK1(dist=16523)							rs4517519													18	18513180	18513180	C	G	hom	1138.80	182
intergenic	NONE(dist=NONE),ROCK1(dist=16478)																				18	18513225	18513225	T	G	hom	1159.93	170
intergenic	NONE(dist=NONE),ROCK1(dist=16512)																				18	18513191	18513191	A	G	hom	1160.23	165
intergenic	NONE(dist=NONE),ROCK1(dist=16514)							rs4517521													18	18513189	18513189	A	G	hom	1160.23	166
intergenic	NONE(dist=NONE),ROCK1(dist=16509)							rs75632555													18	18513194	18513194	C	T	hom	1160.23	173
intergenic	NONE(dist=NONE),ROCK1(dist=16506)																				18	18513197	18513197	T	C	hom	1194.67	175
intergenic	NONE(dist=NONE),ROCK1(dist=16503)							rs200832815													18	18513200	18513200	A	G	hom	1199.61	169
intergenic	NONE(dist=NONE),ROCK1(dist=10791)							rs4282981													18	18518912	18518912	C	A	hom	12042.42	2122
intergenic	NONE(dist=NONE),ROCK1(dist=10795)							rs4344496													18	18518908	18518908	A	G	hom	12179.19	2100
intergenic	NONE(dist=NONE),ROCK1(dist=16497)																				18	18513206	18513206	C	G	hom	1225.08	170
intergenic	NONE(dist=NONE),ROCK1(dist=16498)																				18	18513205	18513205	C	A	hom	1225.08	170
UTR3	MIB1							rs146036337													18	19445866	19445866	-	AAAAACAAACAAA	hom	123400.57	2828
intergenic	NONE(dist=NONE),ROCK1(dist=10806)							rs62089176													18	18518897	18518897	A	G	hom	12771.78	1947
intergenic	NONE(dist=NONE),ROCK1(dist=16481)																				18	18513222	18513222	C	A	hom	1289.88	176
ncRNA_intronic	ANKRD20A5P				0.96			rs6505879													18	14199425	14199425	G	A	hom	1292.85	588
intergenic	NONE(dist=NONE),ROCK1(dist=16487)																				18	18513216	18513216	C	A	hom	1311.32	185
intergenic	NONE(dist=NONE),ROCK1(dist=10327)							rs202046643													18	18519376	18519376	T	C	hom	134	2228
intergenic	NONE(dist=NONE),ROCK1(dist=16783)							rs75563205													18	18512920	18512920	T	A	hom	1343.81	625
intergenic	NONE(dist=NONE),ROCK1(dist=16501)							rs2203321													18	18513202	18513202	T	C	hom	141.40	170
intergenic	IMPA2(dist=32022),ANKRD62(dist=30941)							rs28417343													18	12062907	12062907	T	C	hom	1424.08	90
intronic	SPIRE1							rs139581657													18	12512386	12512387	AA	-	hom	1445.02	1215
intergenic	NONE(dist=NONE),ROCK1(dist=9599)							rs62089190													18	18520104	18520104	T	C	hom	1446.78	380
intergenic	ANKRD30B(dist=11802),LOC644669(dist=449016)				0.98			rs2487194													18	14864539	14864539	T	C	hom	14.70	4	36.34	4.90
intergenic	ANKRD30B(dist=11768),LOC644669(dist=449050)				0.98			rs71321688													18	14864505	14864505	C	T	hom	14.70	5	36.47	4.90
intergenic	NONE(dist=NONE),ROCK1(dist=14635)							rs77543342													18	18515068	18515068	A	C	hom	148.91	49
intergenic	POTEC(dist=2499),ANKRD30B(dist=202141)				0.98			rs150680833													18	14546098	14546098	C	G	hom	14.92	2	36.00	7.46
intronic	LDLRAD4																				18	13284171	13284171	G	A	hom	14.92	2	60.00	7.46
intergenic	PSMG2(dist=39406),PTPN2(dist=20332)																				18	12765145	12765145	C	A	hom	14.92	3	53.44	7.46
intergenic	LOC644669(dist=64362),NONE(dist=NONE)				0.97			rs6565783													18	15390280	15390280	A	T	hom	14.92	9	46.46	7.46
UTR3	MIB1							rs35282916													18	19449757	19449757	A	-	hom	16406.58	1572
intergenic	NONE(dist=NONE),ROCK1(dist=13931)							rs58812892													18	18515772	18515772	C	A	hom	169.64	90
intergenic	NONE(dist=NONE),ROCK1(dist=12591)							rs62088489													18	18517112	18517112	G	A	hom	1782.75	588
intergenic	NONE(dist=NONE),ROCK1(dist=9566)							rs74436574													18	18520137	18520137	G	T	hom	1829.46	487
intergenic	NONE(dist=NONE),ROCK1(dist=10329)							rs148319704													18	18519374	18519374	C	A	hom	18988.73	2371
intergenic	NONE(dist=NONE),ROCK1(dist=12629)							rs78159437													18	18517074	18517074	G	T	hom	1917.47	596
exonic	POTEC	nonsynonymous SNV	POTEC:NM_001137671:exon5:c.C1010G:p.S337C		0.98			rs199815986													18	14533105	14533105	G	C	hom	19967.04	6208
intergenic	NONE(dist=NONE),ROCK1(dist=12603)							rs62088488													18	18517100	18517100	T	A	hom	2144.09	626
intergenic	MPPE1(dist=4979),IMPA2(dist=67652)							rs4347692													18	11913775	11913775	T	C	hom	2216.69	1376
intergenic	NONE(dist=NONE),ROCK1(dist=9652)																				18	18520051	18520051	T	A	hom	233.15	453
intergenic	NONE(dist=NONE),ROCK1(dist=9638)							rs4309222													18	18520065	18520065	A	C	hom	242.08	255
intergenic	NONE(dist=NONE),ROCK1(dist=10560)							rs36161903													18	18519143	18519143	T	G	hom	2575.49	1387
intergenic	NONE(dist=NONE),ROCK1(dist=9570)							rs4315195													18	18520133	18520133	G	A	hom	2575.56	476
intergenic	NONE(dist=NONE),ROCK1(dist=12635)							rs62088486													18	18517068	18517068	G	A	hom	2709.97	584
intergenic	ANKRD62(dist=1982),C18orf61(dist=69048)				0.96			rs12969970													18	12131730	12131730	G	A	hom	2951.71	303
ncRNA_intronic	ANKRD20A5P				0.96			rs692765													18	14183263	14183263	A	G	hom	301.33	24
intergenic	NONE(dist=NONE),ROCK1(dist=10644)							rs4269926													18	18519059	18519059	T	C	hom	3539.42	869
intergenic	NONE(dist=NONE),ROCK1(dist=16674)							rs62091057													18	18513029	18513029	G	A	hom	3550.25	699
intronic	SPIRE1							rs35057526													18	12546609	12546609	A	-	hom	4017.80	802
intergenic	NONE(dist=NONE),ROCK1(dist=14683)							rs74704121													18	18515020	18515020	C	G	hom	411.38	70
intergenic	NONE(dist=NONE),ROCK1(dist=9668)							rs149857868													18	18520035	18520035	A	C	hom	45.40	215
intergenic	NONE(dist=NONE),ROCK1(dist=13923)							rs62091831													18	18515780	18515780	C	T	hom	454.82	99
intergenic	NONE(dist=NONE),ROCK1(dist=10603)							rs4442555													18	18519100	18519100	T	A	hom	4567.09	1439
intronic	ANKRD30B				0.98			rs35681070													18	14826439	14826439	A	G	hom	4665.66	634
intergenic	NONE(dist=NONE),ROCK1(dist=9643)							rs111327253													18	18520060	18520060	A	G	hom	484.41	368
intergenic	MIB1(dist=90719),GATA6(dist=207773)																				18	19541631	19541631	T	C	hom	49.41	4	49.84	24.71
UTR3	MC2R							rs10582120													18	13883627	13883628	CT	-	hom	52.64	112	46.87	10.53
UTR3	SPIRE1							rs58328517													18	12447282	12447282	-	G	hom	57105.77	7560
intergenic	PIEZO2(dist=471147),GNAL(dist=69106)				0.98			rs62099569													18	11619908	11619908	A	G	hom	57779.44	6239
intergenic	POTEC(dist=86868),ANKRD30B(dist=117772)				0.98			rs7234702													18	14630467	14630467	T	G	hom	65010.68	8406
intergenic	PIEZO2(dist=471039),GNAL(dist=69212)				0.98			rs112261054													18	11619800	11619802	TGT	-	hom	65108.65	7441
intergenic	NONE(dist=NONE),ROCK1(dist=10320)							rs199886874													18	18519383	18519383	G	T	hom	67.16	121	17.66	1.32
intergenic	NONE(dist=NONE),ROCK1(dist=10744)							rs78253886													18	18518959	18518959	T	G	hom	6741.40	1293
intergenic	NONE(dist=NONE),ROCK1(dist=12587)							rs4515975													18	18517116	18517116	C	G	hom	681.01	593
intergenic	NONE(dist=NONE),ROCK1(dist=16842)							rs112028548													18	18512861	18512861	A	C	hom	696.27	796
intergenic	NONE(dist=NONE),ROCK1(dist=13813)							rs62091835													18	18515890	18515890	T	A	hom	760.30	153
intergenic	NONE(dist=NONE),ROCK1(dist=16532)							rs77800564													18	18513171	18513171	A	C	hom	775.03	167
intergenic	NONE(dist=NONE),ROCK1(dist=13823)							rs62091834													18	18515880	18515880	A	T	hom	778.56	146
intergenic	NONE(dist=NONE),ROCK1(dist=16865)							rs202234823													18	18512838	18512838	C	A	hom	922.63	542
UTR3	CHMP1B																				18	11852614	11852615	TT	-	unknown	24990.70	3801
